Workbook

Sheet Information
A1: 论文知识管理与智能问答系统测试用例
A3: 项目名称 Project Name | C3: 论文知识管理与智能问答系统
A4: 项目编号 Project ID | C4: SE26Project-05 | D4: 版本 Version | E4: 1.0 | F4: SE26Project-05_STC_001
A5: 拟制 Prepared by | C5: 软工原第五小组 | D5: 日期 Date | F5: 46231
A6: 评审人 Reviewed by | D6: 日期 Date
A8: 修订记录 Revision Record
A9: 日期 | B9: 修订版本 | C9: 修改描述 | F9: 作者
A10: 46231 | B10: 1.00 | C10: 依据功能、非功能和进阶需求完成系统测试用例 | F10: 项目组
A12: 测试结果分析
A13: 类别 | D13: 用例数 | E13: 通过数 | F13: 通过率
A14: 功能测试 | D14: =COUNTIF('Test Cases'!$C$5:$C$57,A14) | E14: =COUNTIFS('Test Cases'!$C$5:$C$57,A14,'Test Cases'!$J$5:$J$57,"通过") | F14: =IFERROR(E14/D14,0)
A15: 准确性测试 | D15: =COUNTIF('Test Cases'!$C$5:$C$57,A15) | E15: =COUNTIFS('Test Cases'!$C$5:$C$57,A15,'Test Cases'!$J$5:$J$57,"通过") | F15: =IFERROR(E15/D15,0)
A16: 性能测试 | D16: =COUNTIF('Test Cases'!$C$5:$C$57,A16) | E16: =COUNTIFS('Test Cases'!$C$5:$C$57,A16,'Test Cases'!$J$5:$J$57,"通过") | F16: =IFERROR(E16/D16,0)
A17: 可靠性测试 | D17: =COUNTIF('Test Cases'!$C$5:$C$57,A17) | E17: =COUNTIFS('Test Cases'!$C$5:$C$57,A17,'Test Cases'!$J$5:$J$57,"通过") | F17: =IFERROR(E17/D17,0)
A18: 安全性测试 | D18: =COUNTIF('Test Cases'!$C$5:$C$57,A18) | E18: =COUNTIFS('Test Cases'!$C$5:$C$57,A18,'Test Cases'!$J$5:$J$57,"通过") | F18: =IFERROR(E18/D18,0)
A19: 兼容性测试 | D19: =COUNTIF('Test Cases'!$C$5:$C$57,A19) | E19: =COUNTIFS('Test Cases'!$C$5:$C$57,A19,'Test Cases'!$J$5:$J$57,"通过") | F19: =IFERROR(E19/D19,0)
A20: 易用性测试 | D20: =COUNTIF('Test Cases'!$C$5:$C$57,A20) | E20: =COUNTIFS('Test Cases'!$C$5:$C$57,A20,'Test Cases'!$J$5:$J$57,"通过") | F20: =IFERROR(E20/D20,0)
A21: 部署测试 | D21: =COUNTIF('Test Cases'!$C$5:$C$57,A21) | E21: =COUNTIFS('Test Cases'!$C$5:$C$57,A21,'Test Cases'!$J$5:$J$57,"通过") | F21: =IFERROR(E21/D21,0)
A22: 合计 | D22: =SUM(D14:D21) | E22: =SUM(E14:E21) | F22: =IFERROR(E22/D22,0)

Sheet Test Cases
A1: 测试用例
A4: Test Case ID 测试用例编号 | B4: Test Item 测试项 | C4: Test Type 测试类型 | D4: Test Case Title 测试用例标题 | E4: Test Criticality 测试优先级 | F4: Pre-condition 预置条件 | G4: Input & Procedure 输入与操作 | H4: Expected Output 预期结果 | I4: Result 实际结果 | J4: Status 是否通过 | K4: BUG Severity 错误严重等级 | L4: BUG ID 缺陷编号 | M4: Remark 备注
A5: TC-001 | B5: 论文抓取范围配置 | C5: 功能测试 | D5: 按学科或关键词配置抓取范围 | E5: 高 | F5: arXiv服务可访问 | G5: 1.新建抓取规则，选择学科cs.AI并填写关键词“knowledge graph”； 2.保存并启用规则； 3.执行一次抓取。 | H5: 规则保存成功；仅入库符合学科或关键词条件的论文；规则可停用、修改。 | I5: 符合预期结果 | J5: 通过 | M5: 需求追踪：FR-1.1
A6: TC-002 | B6: 定时抓取任务 | C6: 功能测试 | D6: 按设定周期自动从arXiv抓取论文 | E6: 高 | F6: 已启用抓取规则；调度服务正常 | G6: 1.设置每日定时任务； 2.等待调度时间或推进测试时钟； 3.查看任务日志与新增论文。 | H6: 任务按时启动并结束；日志记录开始、结束、抓取数和异常；符合条件的新论文入库。 | I6: 符合预期结果 | J6: 通过 | M6: 需求追踪：FR-1.1
A7: TC-003 | B7: 论文元数据入库 | C7: 功能测试 | D7: 完整保存和展示论文基本信息 | E7: 高 | F7: 存在包含完整元数据的arXiv论文 | G7: 1.抓取目标论文； 2.打开论文列表和详情页； 3.核对标题、作者、摘要、类别、发布时间、原文链接。 | H7: 六类基本信息均正确保存并展示；原文链接可访问；作者顺序与来源一致。 | I7: 符合预期结果 | J7: 通过 | M7: 需求追踪：FR-1.2
A8: TC-004 | B8: 多维分类管理 | C8: 功能测试 | D8: 按主题、作者和时间分类浏览论文 | E8: 高 | F8: 知识库已有跨主题、跨作者、跨年份论文 | G8: 1.分别进入主题、作者、时间分类； 2.选择一个分类； 3.核对结果集。 | H8: 分类入口可用；每类结果与论文元数据一致；切换分类不会产生重复记录。 | I8: 符合预期结果 | J8: 通过 | M8: 需求追踪：FR-1.1
A9: TC-005 | B9: 精确去重 | C9: 功能测试 | D9: 相同arXiv ID论文重复抓取不重复入库 | E9: 高 | F9: 目标论文已入库 | G9: 1.再次执行覆盖该论文的抓取任务； 2.查询该arXiv ID； 3.检查抓取日志。 | H9: 库中仍只有一条记录；允许更新变更的元数据；日志标识为重复或更新。 | I9: 符合预期结果 | J9: 通过 | M9: 需求追踪：FR-1.1
A10: TC-006 | B10: PDF结构化解析 | C10: 功能测试 | D10: 从PDF生成summary.md | E10: 高 | F10: 论文PDF可下载且文本可解析 | G10: 1.触发论文解析； 2.等待任务完成； 3.打开summary.md。 | H10: 生成非空summary.md；内容覆盖研究背景、问题、方法和主要结论；与原文一致。 | I10: 符合预期结果 | J10: 通过 | M10: 需求追踪：FR-2.1
A11: TC-007 | B11: 概念文档生成 | C11: 功能测试 | D11: 手动触发解析，生成concept.md并提取核心概念 | E11: 高 | F11: 论文解析成功 | G11: 1.打开concept.md； 2.核对核心概念、定义与原文位置； 3.检查概念标签。 | H11: concept.md生成成功；核心概念、解释和来源位置完整；概念标签可用于检索。 | I11: 符合预期结果 | J11: 通过 | M11: 需求追踪：FR-2.1/2.2
A12: TC-008 | B12: 研究方法结构化内容生成 | C12: 功能测试 | D12: 自动生成论文研究方法的结构化 Markdown 内容 | E12: 高 | F12: 论文解析成功且原文包含方法章节 | G12: 1. 打开已解析论文的详情页； 2. 切换到“研究方法”页签； 3. 检查方法内容是否正常展示； 4. 对照原文核对主要方法、关键步骤，以及原文明确提供的数据集和评价指标 | H12: “研究方法”页签能够正常打开；方法内容采用标题和有序列表展示，结构清晰；能够提取论文的主要方法和关键步骤；原文明确包含的数据集与评价指标能够被合理提取；生成内容与原文基本一致，不出现明显臆造；原文未提供的数据集或指标不强制生成 | I12: 符合预期结果 | J12: 通过 | M12: 需求追踪：FR-2.1/2.2
A13: TC-009 | B13: 知识要素抽取 | C13: 功能测试 | D13: 抽取研究问题、方法和实验结论 | E13: 高 | F13: 准备带人工标注答案的论文样本 | G13: 1.执行知识抽取； 2.查看结构化字段； 3.与人工标注逐项比对。 | H13: 研究问题、主要贡献、研究方法和实验结果能够以结构化 Markdown 内容展示；核心内容与原文基本一致，关键实验数值准确，原文未提供的信息不应臆造。 | I13: 符合预期结果 | J13: 通过 | M13: 需求追踪：FR-2.2
A14: TC-010 | B14: 概念关联建立 | C14: 功能测试 | D14: 建立论文内及跨论文概念关联 | E14: 高 | F14: 至少两篇论文包含相同或上下位概念 | G14: 1.完成两篇论文解析； 2.打开概念关系视图； 3.检查关系类型及来源。 | H14: 生成合理的同义、上下位或相关关系；每条关系可追溯到论文与内容位置。 | I14: 符合预期结果 | J14: 通过 | M14: 需求追踪：FR-2.2
A15: TC-011 | B15: 解析异常处理 | C15: 功能测试 | D15: 损坏或扫描型PDF解析失败可见且可重试 | E15: 中 | F15: 准备损坏PDF和无OCR文本PDF | G15: 1.分别提交解析； 2.观察状态与提示； 3.修复文件后点击重试。 | H15: 任务不假成功；显示明确失败原因；重试后可恢复；已生成内容不被错误覆盖。 | I15: 符合预期结果 | J15: 通过 | M15: 需求追踪：FR-2.1
A16: TC-012 | B16: 标题检索 | C16: 功能测试 | D16: 按完整或部分标题检索论文 | E16: 高 | F16: 知识库已有目标论文 | G16: 1.输入完整标题检索； 2.输入连续部分标题检索； 3.输入不存在标题。 | H16: 完整和部分标题均命中目标；结果高亮关键词；不存在时返回空态而非错误。 | I16: 符合预期结果 | J16: 通过 | M16: 需求追踪：FR-3.1
... A22: TC-018 | B22: 主题与概念关系查看 | C22: 功能测试 | D22: 查看论文的主题关联和概念关联 | E22: 高 | F22: 多篇论文已有主题和概念关系 | G22: 1. 打开已解析论文详情页 2. 往下翻到 "关联概念" 卡片 3. 检查概念名称、描述、相关度列 4. 点击概念名称，确认能跳转到 Wiki 概念详情 | H22: 显示该论文关联的概念；点击可跳转 | I22: 符合预期结果 | J22: 通过 | M22: 需求追踪：FR-3.2
A23: TC-019 | B23: 论文内容问答 | C23: 功能测试 | D23: 围绕论文内容提问并返回有出处的答案 | E23: 高 | F23: 目标论文已入库并建立索引 | G23: 1.选择目标论文； 2.询问其主要贡献； 3.查看答案引用。 | H23: 答案基于论文内容；至少给出论文标题及页码/章节/段落定位；引用可打开。 | I23: 符合预期结果 | J23: 通过 | K23: 建议 | M23: 需求追踪：FR-4.1/4.2
A24: TC-020 | B24: 概念解释问答 | C24: 功能测试 | D24: 询问核心概念并结合论文语境解释 | E24: 高 | F24: 知识库包含目标概念及关联论文 | G24: 1.询问某个概念是什么意思； 2.继续追问与相关概念的区别； 3.查看出处。 | H24: 回答说明概念及语境；追问保持上下文；每个关键结论有可核验出处。 | I24: 符合预期结果 | J24: 通过 | M24: 需求追踪：FR-4.1/4.2
A25: TC-021 | B25: 方法与研究脉络问答 | C25: 功能测试 | D25: 比较研究方法并回答研究脉络问题 | E25: 高 | F25: 知识库有同主题多篇论文 | G25: 1.询问两篇论文方法差异； 2.询问该主题方法演进； 3.检查引用清单。 | H25: 答案包含可核对的比较维度和时间脉络；不混淆论文；引用覆盖关键判断。 | I25: 符合预期结果 | J25: 通过 | K25: 建议 | M25: 需求追踪：FR-4.1/AR-1
A26: TC-022 | B26: 内容定位 | C26: 功能测试 | D26: 从问答引用跳转到对应原文位置 | E26: 高 | F26: 问答已返回至少一条引用 | G26: 1.点击引用； 2.核对打开的论文及页码/段落； 3.返回问答页面。 | H26: 定位到支持该答案的原文内容；高亮或上下文足以核验；返回后会话保留。 | I26: 符合预期结果 | J26: 通过 | M26: 需求追踪：FR-4.2
A27: TC-023 | B27: 无依据问题处理 | C27: 功能测试 | D27: 知识库无充分证据时拒绝臆造 | E27: 高 | F27: 知识库不包含问题所需事实 | G27: 1.提出知识库外的具体事实问题； 2.要求给出出处； 3.观察回答。 | H27: 明确说明证据不足或未收录；不生成虚假论文或定位；可建议相关检索。 | I27: 符合预期结果 | J27: 通过 | M27: 需求追踪：FR-4.2
A28: TC-024 | B28: 论文收藏 | C28: 功能测试 | D28: 收藏和取消收藏论文 | E28: 高 | F28: 用户已登录；目标论文存在 | G28: 1.在列表收藏论文； 2.进入收藏列表核对； 3.取消收藏。 | H28: 收藏状态跨页面一致且持久化；收藏列表出现目标论文；取消后移除且不删除论文。 | I28: 符合预期结果 | J28: 通过 | M28: 需求追踪：FR-5.1
A29: TC-025 | B29: 论文笔记 | C29: 功能测试 | D29: 新增、编辑和删除论文笔记 | E29: 高 | F29: 用户已登录；目标论文存在 | G29: 1.新增含多行文本的笔记； 2.编辑并保存； 3.删除笔记。 | H29: 各操作成功且内容正确；刷新后仍保留；删除前有确认；笔记仅对授权用户可见。 | I29: 符合预期结果 | J29: 通过 | M29: 需求追踪：FR-5.1
A30: TC-026 | B30: 对比阅读 | C30: 功能测试 | D30: 选择多篇论文进行对比阅读 | E30: 高 | F30: 至少三篇论文已完成解析 | G30: 1.从列表选择2至3篇论文； 2.进入对比阅读； 3.切换摘要、概念、方法维度。 | H30: 并排显示所选论文；维度切换同步；差异清晰；移除论文后布局正常。 | I30: 符合预期结果 | J30: 通过 | M30: 需求追踪：FR-5.1
A31: TC-027 | B31: 阅读历史 | C31: 功能测试 | D31: 自动记录并管理阅读历史 | E31: 中 | F31: 用户已登录 | G31: 1.依次打开多篇论文； 2.进入阅读历史； 3.重复打开一篇论文。 | H31: 记录论文与最近阅读时间；按最近时间排序；重复阅读更新记录而非无限重复。 | I31: 符合预期结果 | J31: 通过 | M31: 需求追踪：FR-5.2
A32: TC-028 | B32: 关注主题 | C32: 功能测试 | D32: 新增和取消关注研究主题 | E32: 中 | F32: 用户已登录；系统有主题数据 | G32: 1.关注一个主题； 2.查看个人关注主题； 3.取消关注。 | H32: 关注状态持久化；个人页显示该主题；取消后移除；不影响历史阅读数据。 | I32: 符合预期结果 | J32: 通过 | M32: 需求追踪：FR-5.2
A33: TC-029 | B33: 研究脉络图 | C33: 功能测试 | D33: 自动生成研究主题发展脉络图 | E33: 高 | F33: 同一主题下有跨年份论文和引用关系 | G33: 1.选择研究主题； 2.生成发展脉络； 3.检查时间轴、节点和关系。 | H33: 脉络按时间组织；关键论文和演进关系可追溯；节点可跳转论文详情。 | I33: 符合预期结果 | J33: 通过 | M33: 需求追踪：AR-1
A34: TC-030 | B34: 代表论文与趋势 | C34: 功能测试 | D34: 生成代表性论文列表和研究趋势分析 | E34: 高 | F34: 主题下数据量足以分析 | G34: 1.生成主题分析； 2.查看代表论文排序依据； 3.核对趋势区间和证据。 | H34: 输出代表论文列表、选择依据、趋势结论和数据范围；结论能追溯到论文或统计结果。 | I34: 符合预期结果 | J34: 通过 | M34: 需求追踪：AR-1
A35: TC-031 | B35: 主题订阅 | C35: 功能测试 | D35: 创建、修改和取消研究主题订阅 | E35: 高 | F35: 用户已登录；通知渠道可用 | G35: 1.订阅主题并选择每日频率； 2.修改关键词； 3.取消订阅。 | H35: 订阅规则正确保存；修改后立即生效；取消后不再生成推送任务。 | I35: 符合预期结果 | J35: 通过 | M35: 需求追踪：AR-2
A36: TC-032 | B36: 每日新增论文推送 | C36: 功能测试 | D36: 每日推送订阅主题的新增论文摘要 | E36: 高 | F36: 存在有效订阅；当天有新增论文 | G36: 1.触发每日推送任务； 2.查看推送内容； 3.再次执行同日任务。 | H36: 仅推送新增且匹配的论文；每篇包含标题、摘要和链接；同日重复任务不重复推送。 | I36: 符合预期结果 | J36: 通过 | M36: 需求追踪：AR-2
A37: TC-033 | B37: 个性化推荐 | C37: 功能测试 | D37: 根据阅读历史推荐相关论文 | E37: 高 | F37: 用户有足够阅读历史；库中有候选论文 | G37: 1.阅读同主题多篇论文； 2.打开推荐页； 3.改变阅读主题后重新生成。 | H37: 推荐与近期兴趣相关；已读/重复项按规则处理；兴趣改变后结果有合理变化；可查看推荐理由。 | I37: 符合预期结果 | J37: 通过 | M37: 需求追踪：AR-2
... A57: TC-054 | B57: 升级与回滚 | C57: 部署测试 | D57: 版本升级和失败回滚不丢失数据 | E57: 高 | F57: 已部署上一版本并准备测试数据 | G57: 1.备份数据； 2.执行升级和迁移； 3.验证数据与功能； 4.模拟升级失败并回滚。 | H57: 升级后历史论文和用户数据完整；迁移可审计；失败时可恢复到可用版本。 | I57: 符合预期结果 | J57: 通过 | M57: 需求追踪：FR-1~5

Sheet 常用测试方法
A1: 测试类型 | B1: 常用测试方法
A2: 功能测试 | B2: 采用场景法覆盖主流程、备选流程和异常流程；结合等价类、边界值、判定表、错误猜测法验证输入输出。
A3: 准确性测试 | B3: 使用人工标注金标准数据集，按统一口径计算解析、检索、问答的准确率，并保留逐样本评分明细。
A4: 性能测试 | B4: 在规定数据量和并发数下使用压测工具统计响应时间、吞吐率、错误率及CPU、内存、网络资源。
A5: 可靠性测试 | B5: 通过重复投递、服务重启、依赖超时/限流等故障注入验证幂等、恢复、补偿和数据一致性。
A6: 安全性测试 | B6: 验证认证授权、用户数据隔离、输入注入、XSS、恶意文档解析及敏感错误信息泄露。
A7: 兼容性测试 | B7: 覆盖主流浏览器、桌面/平板/手机分辨率、横竖屏、浏览器缩放和高DPI显示。
A8: 易用性测试 | B8: 通过任务完成率、入口可发现性、状态反馈、错误恢复和新用户试用观察易理解、易学与易操作性。
A9: 部署测试 | B9: 执行首次部署、升级、迁移、健康检查、冒烟、备份和失败回滚验证。
